00001.jpg,1.jpg
09-029023_208-01_001_001.jpg,2.jpg
09-029385_208-01_001_001.jpg,3.jpg
09-029385_208-01_002_001.jpg,4.jpg
09-029399_208-01_001_001.jpg,5.jpg
09-029625_208-01_001_001.jpg,6.jpg
09-029635_208-01_001_001.jpg,7.jpg
09-029698_208-01_001_001.jpg,8.jpg
09-029731_208-01_001_001.jpg,9.jpg
09-029733_208-01_003_001.jpg,10.jpg
09-030124_208-01_001_001.jpg,11.jpg
09-030188_208-01_001_001.jpg,12.jpg
09-030200_208-01_001_001.jpg,13.jpg
09-030368_208-01_001_001.jpg,14.jpg
09-031011_208-01_001_001.jpg,15.jpg
09-031065_208-01_001_001.jpg,16.jpg
09-031448_208-01_001_001.jpg,17.jpg
09-031450_208-01_001_001.jpg,18.jpg
09-032257_208-01_001_001.jpg,19.jpg
09-034094_208-01_001_002.jpg,20.jpg
09-034295_208-01_001_001.jpg,21.jpg
09-034439_208-01_001_001.jpg,22.jpg
09-034666_208-01_001_001.jpg,23.jpg
09-034868_208-01_002_001.jpg,24.jpg
09-035513_208-01_001_001.jpg,25.jpg
09-036081_208-01_001_001.jpg,26.jpg
09-036082_208-01_001_001.jpg,27.jpg
09-036294_208-01_001_001.jpg,28.jpg
09-036652_208-01_001_001.jpg,29.jpg
09-039939_208-01_001_001.jpg,30.jpg
09-039981_208-01_002_001.jpg,31.jpg
09-039996_208-01_001_001.jpg,32.jpg
09-040060_208-01_001_001.jpg,33.jpg
09-040085_208-01_001_001.jpg,34.jpg
09-040098_208-01_001_001.jpg,35.jpg
09-040531_208-01_001_001.jpg,36.jpg
09-040532_208-01_001_001.jpg,37.jpg
09-040695_208-01_001_001.jpg,38.jpg
09-041913_208-01_001_001.jpg,39.jpg
10-020140_208-01_001_001.jpg,40.jpg
10-020372_208-01_001_001.jpg,41.jpg
10-020373_208-01_001_001.jpg,42.jpg
10-020376_208-01_001_001.jpg,43.jpg
10-020493_208-01_002_001.jpg,44.jpg
10-020523_208-01_002_001.jpg,45.jpg
10-020858_208-01_002_001.jpg,46.jpg
10-020901_208-01_001_001.jpg,47.jpg
10-021267_00002.jpg,48.jpg
10-021726_208-01_001_001.jpg,49.jpg
10-021738_208-01_001_001.jpg,50.jpg
10-021740_208-01_001_001.jpg,51.jpg
10-021746_208-01_001_001.jpg,52.jpg
10-022054_208-01_002_001.jpg,53.jpg
10-022056_208-01_001_001.jpg,54.jpg
10-022131_208-01_003_001.jpg,55.jpg
10-022302_208-01_001_001.jpg,56.jpg
10-022415_208-01_001_001.jpg,57.jpg
10-022451_208-01_002_001.jpg,58.jpg
10-022721_208-01_001_001.jpg,59.jpg
10-022724_208-01_001_001.jpg,60.jpg
10-022850_208-01_001_001.jpg,61.jpg
10-022934_208-01_001_001.jpg,62.jpg
10-023042_208-01_001_001.jpg,63.jpg
10-023226_208-01_001_001.jpg,64.jpg
10-023250_208-01_001_001.jpg,65.jpg
10-023411_208-01_001_001.jpg,66.jpg
10-023474_208-01_001_001.jpg,67.jpg
10-023480_208-01_001_001.jpg,68.jpg
10-023531_208-01_001_001.jpg,69.jpg
10-023531_208-01_003_001.jpg,70.jpg
10-023780_208-01_001_001.jpg,71.jpg
10-024449_208-01_001_001.jpg,72.jpg
10-024762_208-01_001_001.jpg,73.jpg
10-024902_208-01_001_001.jpg,74.jpg
10-025236_208-01_001_001.jpg,75.jpg
10-025275_208-01_002_001.jpg,76.jpg
10-025290_208-01_001_001.jpg,77.jpg
10-025290_208-01_002_001.jpg,78.jpg
10-025823_208-01_001_001.jpg,79.jpg
10-026246_208-01_001_001.jpg,80.jpg
10-026646_208-01_001_001.jpg,81.jpg
10-026716_208-01_001_001.jpg,82.jpg
10-027913_208-01_001_001.jpg,83.jpg
10-028175_208-01_001_001.jpg,84.jpg
10-028402_208-01_002_001.jpg,85.jpg
10-029098_208-01_001_001.jpg,86.jpg
10-029897_208-01_001_001.jpg,87.jpg
10-029902_208-01_002_001.jpg,88.jpg
10-029952_208-01_002_001.jpg,89.jpg
10-029956_208-01_002_001.jpg,90.jpg
10-030185_208-01_001_001.jpg,91.jpg
10-030783_208-01_001_001.jpg,92.jpg
10-030924_208-01_001_001.jpg,93.jpg
10-031490_208-01_001_001.jpg,94.jpg
10-031505_208-01_003_001.jpg,95.jpg
10-031785_208-01_001_001.jpg,96.jpg
10-031802_208-01_001_001.jpg,97.jpg
10-031802_208-01_002_001.jpg,98.jpg
10-032141_208-01_001_001.jpg,99.jpg
10-032268_208-01_001_001.jpg,100.jpg
10-032300_208-01_002_001.jpg,101.jpg
10-032406_208-01_001_001.jpg,102.jpg
10-032551_208-01_001_001.jpg,103.jpg
10-032609_208-01_001_001.jpg,104.jpg
10-032699_208-01_001_001.jpg,105.jpg
10-032782_208-01_001_001.jpg,106.jpg
10-032899_208-01_002_001.jpg,107.jpg
10-033406_208-01_001_001.jpg,108.jpg
10-033434_208-01_001_001.jpg,109.jpg
10-033729_208-01_001_001.jpg,110.jpg
10-033919_208-01_001_001.jpg,111.jpg
10-034245_208-01_001_001.jpg,112.jpg
10-034356_208-01_001_001.jpg,113.jpg
10-034561_208-01_002_001.jpg,114.jpg
10-034879_208-01_001_001.jpg,115.jpg
10-036332_208-01_001_001.jpg,116.jpg
10-036575_00001.jpg,117.jpg
10-036721_00001.jpg,118.jpg
10-038243_00001.jpg,119.jpg
10-038254_00001.jpg,120.jpg
10-038395_00001.jpg,121.jpg
10-038409_00001.jpg,122.jpg
10-038745_00001.jpg,123.jpg
10-038761_00001.jpg,124.jpg
10-040382_00001.jpg,125.jpg
10-040614_00001.jpg,126.jpg
10-040943_00001.jpg,127.jpg
10-041113_00001.jpg,128.jpg
11-020095_00001.jpg,129.jpg
11-020132_00001.jpg,130.jpg
11-020318_00002.jpg,131.jpg
11-020835_00001.jpg,132.jpg
11-020931_00001.jpg,133.jpg
11-021051_00001.jpg,134.jpg
11-021124_00002.jpg,135.jpg
11-021952_00001.jpg,136.jpg
11-022015_00001.jpg,137.jpg
11-022042_00001.jpg,138.jpg
11-022196_00001.jpg,139.jpg
11-022360_00001.jpg,140.jpg
11-022563_00002.jpg,141.jpg
11-022693_00001.jpg,142.jpg
11-022862_00001.jpg,143.jpg
11-023375_00004.jpg,144.jpg
11-023386_00003.jpg,145.jpg
11-024047_00002.jpg,146.jpg
11-024048_00001.jpg,147.jpg
11-024066_00001.jpg,148.jpg
11-024862_00001.jpg,149.jpg
11-025019_00001.jpg,150.jpg
11-025051_00001.jpg,151.jpg
11-025114_00001.jpg,152.jpg
11-025546_00001.jpg,153.jpg
11-025610_00001.jpg,154.jpg
11-025765_00001.jpg,155.jpg
11-026029_00001.jpg,156.jpg
11-026097_00001.jpg,157.jpg
11-026349_00001.jpg,158.jpg
11-026382_00001.jpg,159.jpg
11-027305_00001.jpg,160.jpg
11-027532_00004.jpg,161.jpg
11-027710_00001.jpg,162.jpg
11-027790_00001.jpg,163.jpg
11-027791_00001.jpg,164.jpg
11-027917_00001.jpg,165.jpg
11-028315_00001.jpg,166.jpg
11-028374_00001.jpg,167.jpg
11-028374_00002.jpg,168.jpg
11-028374_00003.jpg,169.jpg
11-028433_00001.jpg,170.jpg